{
  "_updated": "2026-03-10",
  "2510.20867": 0,
  "2510.18053": 0,
  "2510.18072": 0,
  "2407.05010": 0,
  "LBC": 0,
  "ORW-CFM-W2": 0,
  "GDI": 0
}
