{
  "_updated": "2026-03-23",
  "_source": "Google Scholar (EjmzseUAAAAJ)",
  "_total": 300,
  "2510.20867": 2,
  "2510.18053": 2,
  "2510.18072": 1,
  "2407.05010": 6,
  "ORW-CFM-W2": 15,
  "LBC": 27,
  "GDI": 21,
  "SP-VLA": 24,
  "VarCon": 3
}