{
  "_updated": "2026-03-30",
  "_source": "Google Scholar (EjmzseUAAAAJ)",
  "_total": 305,
  "2510.20867": 2,
  "2510.18053": 2,
  "2510.18072": 1,
  "2407.05010": 6,
  "ORW-CFM-W2": 16,
  "LBC": 27,
  "GDI": 21,
  "SP-VLA": 27,
  "VarCon": 2
}