{
  "_updated": "2026-06-27",
  "_source": "Google Scholar (EjmzseUAAAAJ)",
  "_total": 378,
  "2510.20867": 8,
  "2510.18053": 5,
  "2510.18072": 2,
  "2407.05010": 11,
  "ORW-CFM-W2": 29,
  "LBC": 29,
  "GDI": 22,
  "SP-VLA": 44,
  "VarCon": 6
}
