{
  "_updated": "2026-05-25",
  "_source": "Google Scholar (EjmzseUAAAAJ)",
  "_total": 343,
  "2510.20867": 2,
  "2510.18053": 2,
  "2510.18072": 1,
  "2407.05010": 6,
  "ORW-CFM-W2": 19,
  "LBC": 28,
  "GDI": 21,
  "SP-VLA": 27,
  "VarCon": 2
}
