{
  "_updated": "2026-03-11",
  "_source": "Google Scholar (EjmzseUAAAAJ)",
  "2510.20867": 1,
  "2510.18053": 2,
  "2510.18072": 1,
  "2407.05010": 6,
  "ORW-CFM-W2": 13,
  "LBC": 26,
  "GDI": 21
}
